{
    "IRR": {
        "MIN": -150,
        "MAX": 574.153713717321
    },
    "FLOW": {
        "MIN": -0.500000000000000,
        "MAX": 15.7358100000000
    },
    "TAMB": {
        "MIN": 22.1819481249592,
        "MAX": 45.0848790079163
    },
    "TIN": {
        "MIN": 36.368262870726696,
        "MAX": 131.599494989418
    },
    "TOUT": {
        "MIN": 22.6600000000000,
        "MAX": 180.013249185442
    },
    "TH_JUMP": {
        "MIN": -13.7082628707267,
        "MAX": 48.4137541960240
    }
}