{
    "IRR": {
        "total":    [0.3977030018874197, 0.9015525768228194, 0.17039739878844945],
        "normal":   [0.6285916748570685, 0.7188953810551796, 0.2967523165839046],
        "negative": [0.6285916748570685, 0.7188953810551796, 0.2967523165839046],
        "positive": [0.6285916748570685, 0.7188953810551796, 0.2967523165839046]
    },
    "FLOW": {
        "total":    [0.48779458698455336, -0.3797818150769398, 0.7860166752973083],
        "normal":   [0.5568671943397652, -0.38709739039974767, 0.7348840304523321],
        "negative": [0.5568671943397652, -0.38709739039974767, 0.7348840304523321],
        "positive": [0.5568671943397652, -0.38709739039974767, 0.7348840304523321]
    },
    "TAMB": {
        "total":    null,
        "normal":   null,
        "negative": null,
        "positive": null
    },
    "TIN": {
        "total":    [0.836502755885623, -0.2749649383834785, 0.4739804026070357],
        "normal":   [0.846693801244915, -0.24730470888180642, 0.4711156841990313],
        "negative": [0.846693801244915, -0.24730470888180642, 0.4711156841990313],
        "positive": [0.846693801244915, -0.24730470888180642, 0.4711156841990313]
    },
    "TOUT": {
        "total":    [0.7385813777697748, -0.3377553177973823, 0.5834542773099618],
        "normal":   [0.7472693764597393, -0.3761084570392524, 0.5478420461675293],
        "negative": [0.741547068248357, -0.37631513776496917, 0.5554231383919822],
        "positive": [0.7535636461066283, -0.3757034315387061, 0.5394337427307684]
    }
}